Date/Time,Apple 活动时间 (min),Apple 睡眠手腕温度 (degC),Apple 站立小时 (count),Apple 站立时间 (min),Apple锻炼时间 (min),下楼梯速度 (m/s),体温 (degC),体脂百分比 (%),体重 (kg),六分钟步行测试距离 (m),刷牙 (s),单不饱和脂肪 (g),去脂体重 (kg),叶酸 (mcg),吸入器使用 (count),呼吸障碍 (count),呼吸频率 (count/min),咖啡因 (mg),基础体温 (degC),外周灌注指数 (%),多不饱和脂肪 (g),峰值呼气流量 (L/min),心率 [Min] (count/min),心率 [Max] (count/min),心率 [Avg] (count/min),心率变异性 (ms),心肺恢复 (count/min),性生活 [Unspecified] (count),性生活 [Protection Used] (count),性生活 [Protection Not Used] (count),总脂肪 (g),房颤负荷 (%),推动次数 (count),攀登楼层数 (count),日照时长 (min),最大摄氧量（VO2 Max） (ml/(kg·min)),核黄素 (mg),正念分钟数 (min),步幅长度 (m),步幅长度 (cm),步数 (count),步行 + 跑步距离 (km),步行不对称百分比 (%),步行双支撑百分比 (%),步行心率均值 (count/min),步行速度 (km/hr),氯化物 (mg),水下体温 (degC),水下深度 (m),泛酸 (mg),洗手次数 (s),活动能量 (kJ),游泳划水次数 (count),游泳距离 (m),烟酸 (mg),爬楼速度：上 (m/s),环境音频暴露 (dBASPL),生物素 (mcg),用力肺活量 (L),皮肤电活动 (mcS),睡眠分析 [Total] (hr),睡眠分析 [Asleep] (hr),睡眠分析 [In Bed] (hr),睡眠分析 [Core] (hr),睡眠分析 [Deep] (hr),睡眠分析 [REM] (hr),睡眠分析 [Awake] (hr),硒 (mcg),硫胺素 (mg),碘 (mcg),碳水化合物 (g),磷 (mg),第一秒用力呼气量 (L),糖 (g),紫外线暴露 (count),维生素 B12 (mcg),维生素 C (mg),维生素 D (mcg),维生素 E (mg),维生素A (mcg),维生素B6 (mg),维生素K (mcg),耳机音频暴露 (dBASPL),胆固醇 (mg),胰岛素输注 (IU),腰围 (cm),膳食纤维 (g),膳食能量 (kJ),蛋白质 (g),血压 [Systolic] (mmHg),血压 [Diastolic] (mmHg),血氧饱和度 (%),血液酒精含量 (%),血糖 (mmol/L),跌倒次数 (count),跑步功率 (W),跑步垂直振幅 (cm),跑步接地时间 (ms),跑步速度 (km/hr),身体努力 (kcal/hr·kg),身体质量指数 (count),身高 (m),轮椅距离 (km),酒精摄入 (count),钙 (mg),钠 (mg),钼 (mcg),钾 (mg),铁 (mg),铜 (mg),铬 (mcg),锌 (mg),锰 (mg),镁 (mg),静息心率 (count/min),静息能量 (kJ),饮水 (mL),饱和脂肪 (g),骑行功率 (W),骑行功能性阈值功率 (W),骑行距离 (km),骑行踏频 (count/min),骑行速度 (km/hr),高山雪上运动距离 (km)
2026-08-04 00:00:00,,,,,,,,,,,,,,,,,18.17,,,,,,58,73,62.58,,,,,,,,,,,,,,,,5,0.004,,,115,,,,,,,7.38,,,,,45.65,,,,6.8949114208088975,0.0,0.0,4.646754807631175,0.643517055147224,1.6046395580304993,0.03343092362085978,,,,,,,,,,,,,,,,,,,,,,,,,,,,,,,,,3.09,,,,,,,,,,,,,,,84,194.87,,,,,,,,
2026-08-04 01:00:00,,,,,,,,,,,,,,,,,17.1,,,,,,59,67,62.42,,,,,,,,,,,,,,,,,,,,,,,,,,,2.73,,,,,41.19,,,,,,,,,,,,,,,,,,,,,,,,,,,,,,,,,,,,,,,,,,,1.1,,,,,,,,,,,,,,,,241.54,,,,,,,,
2026-08-04 02:00:00,,,,,,,,,,,,,,,,,16.58,,,,,,53,72,58.28,53.28,,,,,,,,,,,,,,,,,,,,,,,,,,0.875,,,,,45.11,,,,,,,,,,,,,,,,,,,,,,,,,,,,,,,,,,,,,,,,,,,1.1,,,,,,,,,,,,,,,,240.75,,,,,,,,
2026-08-04 03:00:00,,,,,,,,,,,,,,,,,16.71,,,,,,53,63,57.08,,,,,,,,,,,,,,,,,,,,,,,,,,,2.29,,,,,48.51,,,,,,,,,,,,,,,,,,,,,,,,,,,,,,,,,,,,,,,,,,,1.1,,,,,,,,,,,,,,,,241.94,,,,,,,,
2026-08-04 04:00:00,,,,,,,,,,,,,,,,,17.3,,,,,,52,72,57.83,,,,,,,,,,,,,,,,,,,,,,,,,,,1.46,,,,,39.69,,,,,,,,,,,,,,,,,,,,,,,,,,,,,,,,,,,,,,,,,,,1.1,,,,,,,,,,,,,,,,240.7,,,,,,,,
2026-08-04 05:00:00,,,,,,,,,,,,,,,,,16.08,,,,,,53,63,58.83,,,,,,,,,,,,,,,,,,,,,,,,,,,3.78,,,,,52.91,,,,,,,,,,,,,,,,,,,,,,,,,,,,,,,,,,,,,,,,,,,1.1,,,,,,,,,,,,,,,,241.41,,,,,,,,
2026-08-04 06:00:00,,,,,,,,,,,,,,,,,16,,,,,,58,85,67.94,85.19,,,,,,,,,,,,,,,,,,,,,,,,,,2.48,,,,,51.13,,,,,,,,,,,,,,,,,,,,,,,,,,,,,,,,,,,,,,,,,,,1.1,,,,,,,,,,,,,,,,240.97,,,,,,,,
2026-08-04 07:00:00,,,1,9,2,0.314,,,,,,,,,,,16.75,,,,,,59,143,100.66,,,,,,,,,,7,,,,,,573,0.449,,,,,,,,,,95.85,,,,,68.44,,,,,,,,,,,,,,,,,,,,,,,,,,,,,,,,,,,,,,,,,,,3.46,,,,,,,,,,,,,,,,263.5,,,,,,,,
2026-08-04 08:00:00,,,1,8,2,0.411,,,,,,,,,,,,,,,,,81,128,96.71,,,,,,,,,1,4,,,,,,469,0.362,,,,,,,,,,93.56,,,,0.343,67.5,,,,,,,,,,,,,,,,,,,,,,,,,,,,,,,,,,,,,,,,,,,3.54,,,,,,,,,,,,,,,,270.28,,,,,,,,
2026-08-04 09:00:00,,,1,2,,,,,,,,,,,,,,,,,,,90,116,101.42,,,,,,,,,,,,,,,,125,0.093,,,,,,,,,,84.58,,,,,69.07,,,,,,,,,,,,,,,,,,,,,,,,,,,,,,,,,,,,,,,,,,,3.38,,,,,,,,,,,,,,,,286.76,,,,,,,,
2026-08-04 10:00:00,,,1,1,,,,,,,,,,,,,,,,,,,87,96,91.25,,,,,,,,,,,,,,,,71,0.058,,,,,,,,,,27.79,,,,,,,,,,,,,,,,,,,,,,,,,,,,,,,,,,,,,,,,,,,,,,,,3.95,,,,,,,,,,,,,,,,75.76,,,,,,,,
